<application>
  <component name="UISettings">
    <option name="ACTIVATE_MRU_EDITOR_ON_CLOSE" value="true" />
    <option name="EDITOR_TAB_LIMIT" value="100" />
    <option name="MAX_LOOKUP_WIDTH2" value="1000" />
    <option name="SEPARATE_MAIN_MENU" value="true" />
    <option name="SHOW_EDITOR_TOOLTIP" value="false" />
    <option name="smoothScrolling" value="false" />
    <option name="SORT_TABS_ALPHABETICALLY" value="true" />
    <option name="UI_DENSITY" value="COMPACT" />
  </component>
</application>